episode,efficiency,equality,sustainability,peace
1,19.5,0.6282051282051282,38.058,3.036
2,8.5,0.42647058823529416,22.236,2.787
3,20.5,0.6585365853658536,36.531,2.925
4,24.5,0.7704081632653061,49.023,3.044
5,20.5,0.8292682926829268,41.089,2.939
6,20.0,0.6375,49.886,2.97
7,25.25,0.6707920792079207,52.732,2.808
8,14.0,0.8214285714285714,25.993,2.973
9,15.0,0.5833333333333333,35.706,2.7
10,39.5,0.6803797468354431,76.719,3.302
11,35.75,0.763986013986014,75.002,3.05
12,17.5,0.6428571428571428,45.074,2.75
13,26.25,0.55,52.113,2.934
14,28.75,0.7673913043478261,55.679,2.804
15,26.25,0.6928571428571428,63.53,3.225
16,17.5,0.9178571428571428,36.612,3.332
17,27.5,0.7356060606060606,58.645,3.192
18,42.25,0.841715976331361,86.141,3.175
19,61.5,0.7693089430894309,135.57,3.475
20,33.5,0.875,73.152,3.369
21,47.0,0.6515957446808511,104.759,3.2
22,61.0,0.7756147540983607,124.004,3.45
23,103.0,0.8385922330097088,221.04,3.601
24,37.75,0.8658940397350994,85.546,2.95
25,78.75,0.8341269841269842,164.149,3.625
26,74.75,0.6847826086956521,138.104,3.6
27,63.25,0.8231225296442688,137.762,3.5
28,82.25,0.8229483282674772,171.845,3.425
29,77.0,0.8076298701298701,172.575,3.512
30,81.75,0.7155963302752293,147.432,3.475
31,52.5,0.780952380952381,121.538,3.058
32,35.0,0.8964285714285715,67.514,2.6
33,80.0,0.9515625,157.839,3.412
34,82.75,0.8617824773413898,189.326,3.251
35,75.25,0.8504983388704319,133.369,3.225
36,64.5,0.8313953488372093,151.831,2.975
37,67.75,0.9797047970479705,151.84,2.941
38,63.0,0.7777777777777778,142.117,3.05
39,81.75,0.8562691131498471,178.59,3.3
40,107.5,0.922093023255814,220.959,3.404
41,70.75,0.8613074204946997,143.437,2.95
42,107.25,0.8991841491841492,231.007,3.375
43,96.75,0.9263565891472868,203.587,3.45
44,89.5,0.8372905027932961,196.924,3.351
45,99.25,0.8476070528967254,210.08,3.095
46,100.75,0.9137717121588089,216.047,3.325
47,96.25,0.9435064935064935,217.172,3.125
48,105.0,0.919047619047619,196.403,3.625
49,82.25,0.9194528875379939,191.537,3.075
50,112.0,0.8783482142857143,236.793,3.337
51,119.0,0.9485294117647058,276.397,3.444
52,136.5,0.9432234432234432,281.687,3.5
53,121.25,0.8989690721649485,258.761,3.6
54,121.25,0.9469072164948453,247.803,3.6
55,122.25,0.9473415132924335,263.309,3.331
56,123.5,0.9726720647773279,267.398,3.425
57,116.75,0.9400428265524625,251.312,3.25
58,141.5,0.8604240282685512,302.391,3.603
59,116.5,0.8884120171673819,245.945,3.4
60,147.0,0.9532312925170068,296.886,3.5
61,135.5,0.8980627306273062,294.958,3.485
62,145.0,0.8379310344827586,308.303,3.55
63,132.25,0.9380907372400756,282.796,3.415
64,132.0,0.928030303030303,242.079,3.452
65,125.74999999999999,0.9174950298210736,277.559,3.325
66,143.75,0.8717391304347826,286.897,3.625
67,135.25,0.9145101663585952,293.609,3.375
68,151.5,0.9298679867986799,310.806,3.55
69,127.5,0.8813725490196078,239.791,3.532
70,133.5,0.9185393258426966,282.226,3.35
71,139.0,0.9037769784172662,293.146,3.425
72,156.0,0.8697916666666666,322.915,3.65
73,165.0,0.9212121212121213,342.54,3.575
74,132.0,0.9441287878787878,299.475,3.225
75,161.75,0.9207882534775889,320.352,3.5
76,172.5,0.9188405797101449,337.711,3.55
77,161.75,0.9099690880989181,336.308,3.575
78,154.0,0.9545454545454546,325.87,3.351
79,138.0,0.9592391304347826,302.131,3.25
80,156.5,0.8881789137380192,290.963,3.575
81,136.0,0.8933823529411765,266.806,3.6
82,162.0,0.9386574074074074,363.189,3.429
83,166.0,0.9167921686746988,362.189,3.484
84,168.0,0.9464285714285714,346.857,3.41
85,172.75,0.9649059334298119,362.445,3.542
86,174.5,0.9423352435530086,346.677,3.486
87,172.75,0.9475397973950797,331.004,3.6
88,184.25,0.9263907734056988,371.786,3.506
89,174.75,0.9087982832618026,348.877,3.581
90,176.0,0.9094460227272727,351.028,3.548
91,177.75,0.9447960618846695,344.899,3.675
92,183.5,0.9448228882833788,358.493,3.6
93,191.5,0.9197127937336814,375.004,3.6
94,186.5,0.9802278820375335,350.331,3.575
95,181.0,0.9592541436464088,363.211,3.575
96,194.25,0.9456241956241956,414.227,3.5
97,193.0,0.9449481865284974,379.62,3.525
98,194.25,0.9221364221364221,382.551,3.6
99,188.25,0.9631474103585658,404.749,3.55
100,201.25,0.9319875776397516,404.8,3.7
101,208.25,0.9510804321728692,424.973,3.525
102,203.0,0.9448891625615764,404.097,3.6
103,188.0,0.9654255319148937,376.603,3.6
104,202.25,0.9483930778739185,399.52,3.517
105,227.0,0.9581497797356828,471.243,3.709
106,198.25,0.8880832282471627,402.095,3.615
107,222.5,0.9258426966292135,440.946,3.743
108,167.25,0.945067264573991,333.45,3.515
109,222.25,0.9693475815523059,452.119,3.66
110,196.75,0.9513977128335451,380.49,3.45
111,201.0,0.9626865671641791,386.298,3.55
112,241.0,0.9522821576763485,487.095,3.65
113,209.75,0.9415971394517283,435.837,3.525
114,204.25,0.9541003671970625,434.811,3.55
115,204.0,0.9405637254901961,434.381,3.456
116,238.5,0.9549266247379455,476.08,3.65
117,221.0,0.9355203619909502,439.897,3.6
118,219.0,0.9600456621004566,445.079,3.541
119,218.75,0.9688571428571429,459.98,3.522
120,210.75,0.9332740213523132,390.887,3.75
121,221.5,0.9229683972911964,458.12,3.675
122,235.0,0.9521276595744681,474.947,3.5
123,217.25,0.9487917146144994,427.915,3.526
124,234.75,0.9092119275825346,459.1,3.612
125,221.75,0.9371476888387824,442.003,3.75
126,232.75,0.9111170784103115,469.553,3.769
127,228.0,0.9120065789473684,445.061,3.7
128,228.5,0.9228665207877462,445.156,3.8
129,237.5,0.9436842105263158,476.673,3.65
130,230.25,0.9337676438653637,425.592,3.79
131,229.75,0.9640914036996735,451.332,3.612
132,236.75,0.9374340021119324,469.2,3.586
133,233.0,0.9259656652360515,447.174,3.757
134,224.75,0.9246384872080089,464.054,3.675
135,252.25,0.928394449950446,507.555,3.65
136,249.25,0.9643931795386158,494.031,3.502
137,244.25,0.9255373592630501,492.262,3.668
138,244.25,0.8866427840327533,486.489,3.736
139,239.25,0.9877220480668757,484.911,3.65
140,222.75,0.9831649831649831,448.806,3.427
141,238.25,0.9189401888772298,475.212,3.525
142,259.5,0.9735067437379576,523.367,3.725
143,226.75,0.9622381477398015,472.615,3.375
144,256.25,0.9412195121951219,528.058,3.6
145,237.75,0.9768664563617245,498.125,3.684
146,250.0,0.8935,505.156,3.6
147,265.75,0.9350893697083725,506.724,3.7
148,251.75,0.9736842105263158,506.679,3.65
149,254.5,0.9297642436149313,518.792,3.7
150,255.5,0.9249021526418787,531.649,3.621
151,268.75,0.9081395348837209,545.449,3.634
152,236.25,0.9222222222222223,463.652,3.667
153,239.75,0.9648070907194994,484.444,3.609
154,245.5,0.8920570264765784,470.445,3.725
155,254.75,0.8819921491658489,500.593,3.681
156,258.75,0.9132850241545893,498.998,3.7
157,257.75,0.9318622696411252,507.601,3.575
158,244.5,0.9419734151329243,497.508,3.7
159,273.75,0.9319634703196347,548.311,3.625
160,264.0,0.8695549242424243,521.977,3.7
161,254.0,0.9633366141732284,521.914,3.5
162,264.75,0.9043909348441926,522.445,3.7
163,245.5,0.9136965376782078,499.866,3.525
164,250.5,0.905439121756487,482.586,3.8
165,245.75,0.9074262461851476,513.262,3.594
166,266.25,0.8964788732394366,543.332,3.618
167,283.0,0.9001766784452296,565.284,3.675
168,260.75,0.949424736337488,514.222,3.575
169,257.75,0.9037342386032978,524.987,3.75
170,261.75,0.9357688634192932,531.317,3.725
171,261.5,0.9000956022944551,530.09,3.625
172,274.0,0.9324817518248175,546.096,3.675
173,266.5,0.9765478424015009,542.886,3.625
174,275.0,0.9209090909090909,544.151,3.7
175,257.25,0.8826530612244898,536.469,3.7
176,286.0,0.9020979020979021,578.416,3.7
177,261.5,0.888623326959847,525.68,3.719
178,282.5,0.9128318584070796,580.758,3.65
179,267.0,0.9602059925093633,565.423,3.479
180,297.0,0.952020202020202,600.9,3.775
181,251.0,0.9546812749003984,503.401,3.625
182,245.0,0.9178571428571428,481.716,3.7
183,279.0,0.8962813620071685,556.759,3.725
184,270.5,0.9260628465804066,511.763,3.8
185,283.0,0.8758833922261484,580.333,3.85
186,278.25,0.9328391734052112,552.475,3.7
187,284.25,0.9157871591908531,563.349,3.825
188,278.75,0.9320627802690583,543.025,3.65
189,277.25,0.9271866546438232,534.376,3.725
190,284.25,0.9245822339489885,533.875,3.683
191,290.5,0.8930722891566265,581.933,3.7
192,274.75,0.8960418562329391,519.992,3.7
193,287.75,0.9220243266724587,559.993,3.632
194,271.25,0.8661290322580645,534.672,3.798
195,297.75,0.904911838790932,619.816,3.525
196,263.0,0.9249049429657794,510.395,3.73
197,273.75,0.9477168949771689,534.584,3.7
198,306.75,0.9136104319478403,615.874,3.675
199,293.25,0.9465046888320545,587.953,3.575
200,313.0,0.9009584664536742,622.606,3.741
201,276.75,0.9137308039747064,539.43,3.714
202,279.75,0.8903038427167114,552.522,3.875
203,291.75,0.8952442159383034,595.193,3.649
204,290.25,0.8893195521102498,585.768,3.675
205,278.75,0.9616591928251121,534.887,3.625
206,285.5,0.909369527145359,566.591,3.63
207,286.25,0.911353711790393,582.883,3.735
208,277.75,0.8805130513051305,560.56,3.511
209,286.5,0.9022687609075044,555.394,3.825
210,270.25,0.885522664199815,524.236,3.804
211,300.75,0.9256026600166251,618.509,3.7
212,298.25,0.8912405699916177,582.329,3.775
213,291.5,0.9206689536878216,585.389,3.725
214,293.5,0.919931856899489,587.832,3.8
215,258.0,0.9464631782945736,497.795,3.75
216,309.25,0.9003637833468068,633.88,3.75
217,302.0,0.931705298013245,607.785,3.675
218,296.25,0.9364978902953587,608.813,3.639
219,292.5,0.923931623931624,572.983,3.8
220,286.5,0.8795811518324608,592.046,3.8
221,304.25,0.8972884141331142,597.785,3.725
222,272.0,0.8809742647058824,548.784,3.775
223,295.0,0.8923728813559322,601.715,3.575
224,282.25,0.8536315323294952,542.5,3.775
225,283.0,0.890017667844523,552.595,3.85
226,302.5,0.9491735537190082,642.208,3.65
227,289.5,0.9026338514680483,578.333,3.7
228,309.25,0.8801535974130962,618.343,3.621
229,295.25,0.8837849280270957,590.291,3.85
230,300.0,0.9143749999999999,592.433,3.75
231,341.5,0.9269765739385066,663.851,3.75
232,293.75,0.8976595744680851,595.887,3.9
233,302.0,0.8985927152317881,608.685,3.658
234,279.25,0.8480304386750224,558.249,3.75
235,310.5,0.9182769726247987,624.947,3.775
236,289.0,0.9009515570934256,579.174,3.7
237,309.5,0.9067043618739903,591.593,3.675
238,319.25,0.8874314800313234,632.125,3.8
239,292.75,0.8904782237403929,598.281,3.825
240,319.5,0.9017996870109546,642.031,3.75
241,306.5,0.9178221859706363,603.75,3.746
242,306.0,0.8917483660130718,614.179,3.8
243,314.0,0.8789808917197452,668.11,3.75
244,287.0,0.8852351916376306,564.817,3.6
245,304.75,0.8913043478260869,591.285,3.875
246,306.5,0.8951876019575856,592.498,3.75
247,298.25,0.895850796311819,599.311,3.725
248,320.5,0.9555382215288611,653.577,3.775
249,320.5,0.907371294851794,666.407,3.675
250,330.0,0.8901515151515151,670.147,3.65
251,297.5,0.940546218487395,583.096,3.725
252,304.25,0.9480279375513558,595.415,3.675
253,310.5,0.8977455716586151,628.038,3.65
254,301.5,0.8801824212271974,595.416,3.725
255,275.0,0.9509090909090909,507.676,3.705
256,277.0,0.9431407942238267,559.704,3.775
257,320.75,0.9261496492595479,648.394,3.792
258,308.75,0.9184210526315789,581.206,3.775
259,277.25,0.8672227231740306,546.164,3.728
260,326.5,0.9297473200612557,640.21,3.775
261,302.0,0.935430463576159,602.597,3.525
262,294.75,0.9145462256149279,599.319,3.7
263,315.0,0.8928571428571429,643.753,3.575
264,284.25,0.8964379947229552,577.688,3.575
265,319.75,0.9040265832681783,647.638,3.775
266,287.5,0.8704347826086957,550.404,3.785
267,287.5,0.8408695652173913,556.715,3.9
268,296.75,0.8565711878685762,599.37,3.725
269,322.75,0.8971727343144849,622.729,3.802
270,301.75,0.8889809444904723,608.35,3.675
271,287.0,0.8837108013937283,556.785,3.76
272,288.25,0.9052471812662619,543.571,3.776
273,306.0,0.8643790849673203,611.012,3.775
274,302.0,0.9265314569536424,586.256,3.775
275,314.75,0.8818506751389992,611.275,3.825
276,315.5,0.8958003169572107,611.599,3.75
277,314.5,0.8958664546899842,613.418,3.75
278,306.0,0.9121732026143791,602.038,3.72
279,297.5,0.9058823529411765,581.332,3.725
280,292.0,0.8792808219178082,571.703,3.625
281,306.25,0.8985714285714286,607.759,3.725
282,286.25,0.867467248908297,575.313,3.8
283,314.25,0.8868337311058074,628.041,3.85
284,311.25,0.8809236947791165,615.284,3.825
285,281.75,0.8746672582076309,533.468,3.75
286,304.25,0.9211175020542317,602.865,3.625
287,303.25,0.9091096455070075,595.522,3.725
288,306.75,0.8856968215158925,618.105,3.65
289,294.25,0.8574766355140186,595.661,3.835
290,320.0,0.9052734375,645.776,3.775
291,320.75,0.931605611847233,634.235,3.625
292,314.5,0.9626391096979332,647.355,3.625
293,298.0,0.9593120805369127,605.825,3.675
294,291.25,0.9100858369098712,563.53,3.75
295,311.0,0.8959003215434084,606.01,3.775
296,313.5,0.8708133971291866,593.139,3.822
297,296.75,0.9193344566133108,614.076,3.725
298,325.5,0.9206989247311828,644.553,3.775
299,284.75,0.8838893766461808,562.866,3.655
300,322.0,0.8812111801242236,640.477,3.795
301,336.5,0.9115898959881129,682.332,3.73
302,306.5,0.949021207177814,604.281,3.75
303,314.5,0.9157392686804452,633.294,3.642
304,333.5,0.921664167916042,667.582,3.575
305,276.25,0.8744343891402715,528.177,3.8
306,296.25,0.9048523206751055,581.824,3.675
307,282.5,0.8646017699115044,554.24,3.65
308,319.25,0.9179718089271731,646.752,3.725
309,322.0,0.8924689440993789,636.924,3.75
310,323.0,0.916795665634675,644.185,3.6
311,278.0,0.8651079136690647,550.844,3.75
312,325.25,0.8695234435049961,625.651,3.775
313,279.0,0.9408602150537635,570.728,3.625
314,299.75,0.963511259382819,584.626,3.675
315,299.75,0.8930358632193495,580.977,3.75
316,329.25,0.9271070615034168,662.077,3.775
317,325.0,0.946923076923077,643.146,3.775
318,317.25,0.9054373522458629,650.726,3.875
319,310.5,0.9227053140096618,625.021,3.725
320,311.5,0.9085072231139647,647.45,3.775
321,324.5,0.9085130970724191,671.478,3.775
322,313.5,0.9264354066985646,621.941,3.702
323,332.25,0.9091422121896162,662.704,3.8
324,318.0,0.9060534591194969,631.936,3.65
325,327.75,0.9059877955758963,677.875,3.7
326,350.0,0.9132142857142858,700.049,3.775
327,320.75,0.90705378020265,627.13,3.7
328,318.0,0.89937106918239,620.894,3.712
329,335.5,0.900521609538003,663.064,3.8
330,308.25,0.9045012165450121,623.433,3.675
331,313.25,0.9020351157222666,608.76,3.8
332,315.75,0.8865795724465558,642.71,3.775
333,315.75,0.922209026128266,632.436,3.675
334,337.75,0.8904515173945226,680.496,3.825
335,324.75,0.9426481909160893,640.331,3.643
336,326.0,0.8610046012269938,667.548,3.85
337,323.5,0.893353941267388,649.89,3.8
338,328.5,0.889269406392694,665.089,3.7
339,320.5,0.9005460218408736,643.771,3.738
340,293.25,0.9401108269394715,595.066,3.8
341,307.25,0.928193653376729,633.879,3.725
342,307.25,0.894833197721725,608.939,3.7
343,313.0,0.8997603833865815,630.423,3.701
344,303.5,0.9472817133443163,624.105,3.75
345,319.0,0.9341692789968652,648.548,3.769
346,334.25,0.9287584143605085,661.658,3.675
347,318.25,0.8768656716417911,629.318,3.696
348,325.5,0.891321044546851,647.819,3.775
349,303.5,0.9194810543657331,626.549,3.7
350,307.75,0.9092201462225833,627.927,3.65
351,318.25,0.8749018067556952,687.814,3.65
352,332.25,0.9245673438675696,656.395,3.775
353,313.0,0.9672523961661342,596.674,3.8
354,310.0,0.8987903225806452,626.192,3.775
355,304.25,0.8999589153656532,623.044,3.725
356,319.25,0.8858653093187158,642.023,3.785
357,314.0,0.9068471337579618,630.337,3.75
358,308.0,0.9439935064935066,617.379,3.675
359,344.75,0.9160623640319072,686.179,3.789
360,314.0,0.9122213375796179,623.323,3.825
361,337.5,0.9196296296296296,662.988,3.733
362,318.5,0.9368131868131868,637.259,3.75
363,318.0,0.910377358490566,658.063,3.65
364,322.5,0.8848837209302326,653.488,3.775
365,315.25,0.9034496431403648,614.219,3.8
366,305.0,0.8852459016393442,605.891,3.715
367,322.0,0.9472049689440993,630.356,3.65
368,294.0,0.8367346938775511,581.264,3.8
369,315.0,0.9063492063492063,654.507,3.7
370,319.5,0.8994522691705791,649.598,3.725
371,319.0,0.9067398119122257,612.226,3.8
372,330.5,0.9230332829046899,678.256,3.7
373,319.25,0.8862568519968677,601.497,3.802
374,332.75,0.8717129977460556,662.586,3.793
375,309.0,0.8737864077669903,594.751,3.7
376,322.25,0.8857641582622188,648.265,3.775
377,313.25,0.9088188347964884,623.294,3.825
378,313.75,0.9296812749003984,605.476,3.65
379,331.75,0.8788620949510173,652.734,3.852
380,317.75,0.8975216365066876,632.371,3.65
381,321.25,0.8787937743190661,612.009,3.71
382,319.75,0.9470289288506646,618.313,3.75
383,321.75,0.9054001554001554,647.887,3.781
384,348.25,0.8928571428571429,666.325,3.8
385,327.25,0.9310542398777693,659.731,3.625
386,333.25,0.9307951987997,697.752,3.8
387,320.0,0.951171875,664.712,3.525
388,327.5,0.9034351145038167,647.451,3.749
389,323.5,0.9153786707882535,647.35,3.675
390,334.75,0.9460418222554144,672.965,3.725
391,317.0,0.873422712933754,637.883,3.701
392,323.75,0.9287644787644788,644.177,3.675
393,311.0,0.927652733118971,637.658,3.69
394,316.5,0.9119273301737757,629.864,3.7
395,312.75,0.903277378097522,608.08,3.709
396,331.75,0.9299171062547099,658.44,3.75
397,334.75,0.9288648244958925,657.695,3.775
398,314.75,0.9040905480540111,629.239,3.63
399,327.5,0.8885496183206107,641.542,3.725
400,334.0,0.9040044910179641,663.806,3.775
401,316.5,0.9032385466034755,629.855,3.75
402,312.25,0.9025220176140912,631.128,3.7
403,339.5,0.9086892488954345,696.472,3.725
404,324.0,0.9085648148148148,648.86,3.8
405,325.5,0.9132104454685099,644.715,3.75
406,327.75,0.8972158657513348,658.057,3.7
407,308.75,0.8844129554655871,583.686,3.7
408,350.5,0.9229671897289586,697.136,3.792
409,304.0,0.9461348684210527,625.972,3.7
410,335.5,0.8904619970193741,682.218,3.775
411,324.25,0.9080570547417116,628.441,3.762
412,330.5,0.8842662632375189,646.668,3.825
413,345.25,0.9103910209992759,680.528,3.725
414,321.25,0.9017509727626459,635.451,3.8
415,335.0,0.9171641791044776,675.242,3.75
416,303.0,0.9022277227722773,597.006,3.765
417,312.5,0.88,648.633,3.719
418,330.5,0.9103630862329803,686.522,3.724
419,320.25,0.8920765027322405,647.189,3.75
420,322.75,0.9116963594113091,648.385,3.65
421,323.0,0.8873839009287926,650.417,3.85
422,314.0,0.8897292993630573,621.268,3.775
423,313.25,0.8800877893056664,624.827,3.75
424,292.25,0.8766039349871685,584.498,3.8
425,325.0,0.8982692307692308,634.425,3.814
426,321.5,0.9086314152410575,672.977,3.75
427,311.5,0.9173354735152488,605.224,3.775
428,329.75,0.9160348749052313,639.77,3.699
429,325.5,0.9066820276497696,643.082,3.9
430,313.25,0.9012370311252993,631.128,3.875
431,332.75,0.9072126220886552,664.731,3.775
432,334.5,0.9230194319880418,671.017,3.7
433,340.5,0.9357562408223201,677.375,3.725
434,308.5,0.9343598055105349,608.052,3.67
435,304.0,0.8708881578947368,627.696,3.923
436,305.5,0.9304418985270049,626.958,3.675
437,328.25,0.8760472201066261,641.097,3.725
438,323.5,0.8686244204018547,650.24,3.7
439,334.75,0.8885362210604929,677.279,3.835
440,317.25,0.8859338061465721,616.936,3.875
441,327.25,0.921886936592819,682.279,3.7
442,304.25,0.8919474116680361,615.356,3.65
443,334.5,0.9252615844544095,668.494,3.7
444,300.25,0.8898834304746045,559.057,3.8
445,313.5,0.919457735247209,624.418,3.75
446,338.5,0.8633677991137371,677.402,3.736
447,331.0,0.9539274924471299,658.156,3.775
448,318.5,0.9109105180533752,648.808,3.75
449,323.5,0.8829211746522411,643.939,3.75
450,307.5,0.8983739837398375,615.375,3.75
451,325.0,0.9203846153846154,672.344,3.675
452,318.5,0.9305337519623234,645.657,3.659
453,296.25,0.909915611814346,597.852,3.725
454,316.5,0.9083728278041074,625.366,3.75
455,324.5,0.901386748844376,635.955,3.725
456,341.75,0.9025237746891002,686.474,3.85
457,319.25,0.9187548942834769,628.788,3.725
458,339.0,0.9321533923303835,661.801,3.65
459,337.5,0.9562962962962963,692.521,3.65
460,322.5,0.867829457364341,613.126,3.767
461,304.25,0.9081758422350041,600.536,3.75
462,307.25,0.8903580146460537,599.737,3.775
463,321.5,0.9171850699844479,648.458,3.675
464,331.0,0.899546827794562,670.176,3.8
465,315.25,0.9482553528945281,647.257,3.787
466,345.5,0.902315484804631,696.125,3.925
467,338.25,0.8998521803399853,681.834,3.85
468,312.5,0.8832,625.039,3.7
469,298.5,0.9011725293132329,608.101,3.775
470,304.75,0.9489335520918786,596.371,3.725
471,323.25,0.9216937354988399,654.922,3.675
472,324.75,0.9247498075442648,615.564,3.85
473,313.5,0.8773923444976076,620.889,3.725
474,311.25,0.9010040160642571,611.11,3.85
475,347.0,0.9160662824207493,688.51,3.7
476,318.0,0.9091981132075472,647.197,3.725
477,351.5,0.8918918918918919,711.762,3.85
478,334.75,0.9072068707991038,679.693,3.775
479,340.25,0.9267083027185893,681.324,3.8
480,333.75,0.9335205992509363,666.444,3.625
481,325.5,0.9224270353302612,664.146,3.55
482,316.25,0.9658102766798419,634.701,3.725
483,325.25,0.8872021521906226,644.846,3.82
484,329.5,0.9377845220030349,663.61,3.625
485,345.75,0.9181127982646421,697.469,3.8
486,326.0,0.9072085889570553,680.652,3.75
487,330.0,0.9107954545454545,634.797,3.725
488,327.0,0.8914373088685015,657.563,3.775
489,335.75,0.9171630677587491,667.372,3.725
490,351.75,0.933724235963042,713.209,3.75
491,327.5,0.9026717557251909,647.031,3.75
492,332.5,0.9176691729323309,678.119,3.725
493,323.0,0.8804179566563467,640.7,3.754
494,337.5,0.9281481481481482,685.313,3.769
495,355.75,0.9249824314827828,706.562,3.717
496,358.0,0.9277234636871509,684.216,3.8
497,332.0,0.9021084337349398,667.896,3.7
498,344.25,0.9132171387073348,695.165,3.625
499,323.0,0.9100232198142415,655.338,3.75
500,348.25,0.8885498923187365,662.715,3.8
501,321.25,0.8937743190661479,652.013,3.784
502,303.5,0.9567545304777595,609.95,3.653
503,328.0,0.9253048780487805,648.863,3.753
504,328.0,0.9394054878048781,651.338,3.675
505,329.5,0.9104704097116844,640.07,3.822
506,323.5,0.9219474497681608,627.581,3.8
507,316.75,0.8810181531176007,616.867,3.725
508,330.0,0.9128787878787878,661.374,3.725
509,333.0,0.924924924924925,677.267,3.75
510,324.0,0.9243827160493827,660.056,3.85
511,332.75,0.8814800901577761,666.984,3.75
512,343.0,0.9260204081632653,694.529,3.75
513,335.75,0.8918466120625466,687.675,3.825
514,341.25,0.919047619047619,687.862,3.75
515,322.75,0.9130518977536793,643.126,3.695
516,331.25,0.9435849056603773,629.512,3.726
517,346.0,0.8995664739884393,679.299,3.85
518,331.5,0.9377828054298643,661.582,3.65
519,348.5,0.9230631276901005,702.373,3.75
520,344.25,0.9330065359477124,706.738,3.85
521,322.75,0.9085979860573199,649.48,3.842
522,350.5,0.9094151212553495,705.834,3.875
523,347.5,0.9244604316546763,702.913,3.711
524,317.25,0.9556737588652482,636.736,3.75
525,313.0,0.9097444089456869,613.005,3.775
526,350.0,0.9308928571428572,695.184,3.7
527,295.25,0.9185012701100762,564.828,3.8
528,322.0,0.8975155279503105,612.884,3.675
529,341.25,0.9298534798534799,700.891,3.85
530,308.0,0.9099025974025974,618.767,3.675
531,325.5,0.9059139784946236,658.212,3.678
532,331.75,0.9282215523737755,643.77,3.696
533,339.0,0.8980457227138643,657.104,3.682
534,323.5,0.8966383307573416,642.256,3.775
535,325.75,0.9100153491941673,635.895,3.901
536,343.75,0.9190909090909091,713.335,3.775
537,346.0,0.9017341040462428,698.843,3.725
538,331.0,0.9199395770392749,617.223,3.768
539,350.0,0.9103571428571429,693.08,3.725
540,318.75,0.8878431372549019,636.376,3.875
541,339.75,0.9409492273730684,668.046,3.702
542,349.0,0.9050859598853869,716.244,3.749
543,326.0,0.9398006134969326,644.579,3.675
544,322.0,0.8559782608695652,645.164,3.875
545,336.0,0.8980654761904762,653.467,3.78
546,346.25,0.9225631768953069,671.351,3.725
547,316.25,0.8915019762845849,630.071,3.907
548,318.75,0.9445098039215686,648.309,3.6
549,308.0,0.963676948051948,568.508,3.825
550,341.75,0.9255669348939283,692.931,3.825
551,329.25,0.923120728929385,657.828,3.65
552,333.75,0.9039325842696629,646.183,3.8
553,296.25,0.909915611814346,604.396,3.7
554,310.75,0.8887771520514883,633.744,3.775
555,339.0,0.926622418879056,665.645,3.725
556,342.75,0.9093727206418672,684.062,3.747
557,342.25,0.9256756756756757,690.784,3.775
558,332.5,0.8958646616541354,672.143,3.75
559,356.75,0.9115276804484933,711.949,3.9
560,334.75,0.8941374159820762,650.159,3.9
561,339.0,0.898598820058997,665.139,3.775
562,309.75,0.8827683615819208,604.743,3.8
563,322.75,0.960302091402014,631.427,3.75
564,324.0,0.9060570987654321,674.645,3.735
565,314.25,0.8983691328560064,631.247,3.75
566,338.0,0.893491124260355,690.061,3.8
567,331.75,0.9508289374529013,650.98,3.8
568,333.75,0.8724719101123596,680.368,3.925
569,324.5,0.9164098613251156,649.864,3.775
570,312.0,0.9260817307692307,635.071,3.69
571,319.75,0.9012900703674745,619.604,3.8
572,312.0,0.8882211538461539,598.495,3.8
573,325.5,0.8880568356374808,632.431,3.875
574,309.25,0.9108730800323364,605.196,3.798
575,341.0,0.9171554252199413,678.088,3.75
576,331.25,0.8971698113207547,630.853,3.838
577,340.25,0.8998897869213813,705.333,3.875
578,333.0,0.9421921921921922,655.188,3.775
579,339.25,0.9198599852616065,676.918,3.725
580,331.5,0.8853695324283559,647.235,3.725
581,336.75,0.9348552338530067,693.131,3.75
582,339.0,0.9196165191740413,693.932,3.7
583,353.5,0.9367043847241867,689.55,3.838
584,326.0,0.879601226993865,637.375,3.7
585,332.25,0.895221971407073,682.003,3.725
586,343.0,0.9571793002915452,713.266,3.775
587,334.75,0.9124346527259148,692.411,3.8
588,333.25,0.8944111027756939,668.212,3.775
589,351.75,0.918088130774698,682.48,3.75
590,293.0,0.9761092150170648,630.897,3.825
591,309.5,0.9004442649434572,615.622,3.825
592,323.5,0.8705564142194745,631.865,3.662
593,328.75,0.9241444866920152,632.927,3.839
594,337.25,0.9399555226093402,659.38,3.638
595,317.25,0.8930260047281324,628.555,3.85
596,346.0,0.9165462427745665,662.802,3.806
597,355.5,0.9244022503516174,712.3,3.873
598,348.5,0.9429698708751794,717.001,3.7
599,345.5,0.8827785817655571,700.465,3.8
600,311.0,0.8882636655948553,637.126,3.8
601,318.25,0.8902199528672428,625.689,3.825
602,318.0,0.9115566037735849,629.83,3.875
603,344.75,0.9247643219724438,690.419,3.75
604,350.75,0.8807911617961511,717.574,3.85
605,339.5,0.8950662739322534,679.191,3.725
606,343.5,0.9050218340611353,693.583,3.738
607,324.75,0.8943418013856813,657.312,3.875
608,336.25,0.8983271375464684,671.849,3.869
609,341.75,0.912033650329188,679.8,3.8
610,326.25,0.864176245210728,627.066,3.85
611,310.0,0.885483870967742,616.697,3.825
612,308.25,0.8929440389294404,581.779,3.8
613,333.0,0.90503003003003,667.711,3.75
614,303.25,0.9412613355317395,602.409,3.665
615,320.5,0.9489079563182528,644.211,3.875
616,306.25,0.8630612244897959,598.64,3.925
617,330.75,0.8913454270597128,664.102,3.8
618,321.25,0.906420233463035,633.277,3.875
619,340.25,0.9189933872152829,655.348,3.775
620,304.0,0.9095394736842105,601.146,3.875
621,346.5,0.9199134199134199,699.895,3.75
622,283.5,0.9578924162257496,530.776,3.775
623,286.5,0.8830715532286213,538.527,3.875
624,316.75,0.8725335438042621,617.841,3.7
625,351.0,0.9013532763532763,696.502,3.825
626,323.75,0.936100386100386,653.245,3.7
627,333.5,0.860944527736132,654.415,3.775
628,356.75,0.9258934828311143,711.325,3.768
629,334.0,0.9116766467065869,665.549,3.85
630,333.75,0.895318352059925,660.743,3.775
631,319.0,0.9051724137931034,658.554,3.7
632,301.25,0.9182572614107883,577.215,3.8
633,348.25,0.8792175161521896,687.01,3.75
634,335.0,0.9235074626865671,671.273,3.775
635,336.5,0.9320208023774146,659.863,3.85
636,319.75,0.9482017200938233,624.446,3.8
637,322.75,0.9082106893880713,637.8,3.75
638,331.0,0.9086102719033232,639.218,3.8
639,311.25,0.893574297188755,623.11,3.85
640,328.75,0.9161596958174905,644.653,3.775
641,328.25,0.9110814927646611,660.921,3.8
642,322.75,0.8979473276529821,639.63,3.75
643,329.25,0.8809794988610479,648.128,3.825
644,318.0,0.9488993710691824,632.679,3.699
645,314.75,0.9211675933280381,626.878,3.775
646,351.25,0.9076512455516015,697.146,3.8
647,334.5,0.9047085201793722,675.745,3.775
648,304.75,0.8993027071369976,623.639,3.85
649,330.25,0.9085919757759273,650.602,3.875
650,334.0,0.8877245508982036,668.798,3.75
651,340.25,0.8804188096987509,687.412,3.85
652,320.0,0.9171875,662.937,3.75
653,339.75,0.934326710816777,703.446,3.751
654,312.25,0.9769815852682145,595.722,3.95
655,326.0,0.9006901840490797,659.812,3.766
656,306.75,0.8865118174409128,599.086,3.8
657,324.25,0.9069005397070162,629.805,3.825
658,327.25,0.8926661573720397,662.914,3.875
659,347.25,0.9181065514758819,689.552,3.788
660,332.0,0.9205572289156626,661.63,3.7
661,341.75,0.9270299926847111,679.839,3.75
662,331.5,0.9132730015082956,661.746,3.775
663,336.5,0.9101040118870728,663.931,3.8
664,332.25,0.9042513167795335,643.706,3.85
665,332.0,0.8889307228915663,634.519,3.925
666,324.25,0.886083269082498,619.862,3.875
667,311.0,0.9292604501607717,622.54,3.75
668,324.75,0.9336027713625866,633.477,3.75
669,328.75,0.902851711026616,672.89,3.85
670,313.25,0.894852354349561,638.537,3.725
671,321.0,0.9010903426791277,631.8,3.75
672,341.0,0.9219208211143695,694.28,3.85
673,337.75,0.9143227239082161,657.263,3.8
674,319.25,0.8915426781519186,661.429,3.9
675,308.0,0.9918831168831169,582.035,3.832
676,362.75,0.9026533425223984,738.225,3.875
677,322.25,0.9051590380139644,629.866,3.679
678,327.0,0.9166666666666666,666.578,3.775
679,323.5,0.8918083462132921,662.349,3.75
680,331.75,0.9235116804822909,684.542,3.725
681,333.5,0.9257871064467766,648.185,3.775
682,312.75,0.9206634692246203,624.915,3.825
683,336.25,0.9306691449814126,640.389,3.825
684,337.0,0.9345326409495549,670.686,3.816
685,332.5,0.9090225563909774,662.913,3.75
686,322.25,0.8966252909231963,660.419,3.825
687,333.75,0.8780898876404495,686.536,3.825
688,323.5,0.8699768160741885,639.529,3.8
689,323.0,0.9129256965944272,669.438,3.725
690,322.25,0.9379363847944143,629.362,3.75
691,289.25,0.9513828867761452,604.186,3.85
692,326.0,0.9033742331288344,657.011,3.675
693,312.75,0.9014788169464428,634.566,3.7
694,324.5,0.9214175654853621,633.172,3.8
695,320.5,0.9251170046801872,641.213,3.75
696,335.25,0.9006338553318419,637.503,3.775
697,315.0,0.9408730158730159,617.498,3.716
698,307.25,0.9220911310008136,588.814,3.775
699,317.0,0.8986593059936908,602.544,3.875
700,337.5,0.8996296296296297,680.276,3.767
701,318.0,0.8997641509433962,596.165,3.816
702,351.5,0.939900426742532,680.482,3.775
703,337.25,0.8960340993328392,680.792,3.725
704,340.75,0.865553925165077,656.858,3.925
705,336.75,0.8893838158871566,672.25,3.8
706,337.0,0.9061572700296736,673.577,3.825
707,340.5,0.9074889867841409,695.572,3.735
708,332.25,0.9066967644845749,663.788,3.8
709,342.5,0.9047445255474452,695.869,3.889
710,339.25,0.9309137803979366,669.41,3.615
711,300.0,0.8922916666666667,576.201,3.875
712,333.75,0.9106741573033708,668.93,3.875
713,318.75,0.9092156862745098,637.229,3.8
714,333.0,0.8969594594594594,673.403,3.837
715,318.0,0.9058569182389937,657.668,3.75
716,327.75,0.8827231121281465,656.94,3.8
717,319.0,0.9494514106583072,655.831,3.875
718,306.75,0.8885493072534637,575.181,3.85
719,340.25,0.8925422483468038,705.432,3.85
720,349.0,0.9462750716332379,707.659,3.7
721,310.0,0.8423387096774193,618.442,3.78
722,323.0,0.8618421052631579,632.264,3.716
723,341.75,0.9164228237015362,697.304,3.8
724,342.5,0.9332116788321168,670.739,3.85
725,351.0,0.9220085470085471,709.981,3.775
726,314.5,0.9475357710651828,648.708,3.757
727,339.0,0.8886430678466076,681.712,3.825
728,333.24999999999994,0.9167916979244811,659.681,3.746
729,333.25,0.9056639159789948,669.31,3.75
730,348.0,0.9006824712643678,690.837,3.825
731,322.75,0.9564291247095275,659.509,3.775
732,330.25,0.9021574564723694,639.565,3.8
733,356.0,0.9080056179775281,727.587,3.85
734,315.75,0.9079572446555819,619.794,3.812
735,336.0,0.9017857142857143,674.442,3.85
736,336.25,0.9226765799256506,680.852,3.775
737,330.25,0.897993943981832,707.944,3.679
738,344.5,0.9154571843251088,688.55,3.725
739,325.75,0.9199923254029163,624.651,3.728
740,343.75,0.9070909090909091,688.271,3.825
741,307.5,0.9071138211382114,581.452,3.774
742,342.5,0.8937956204379562,665.8,3.844
743,352.0,0.94140625,687.211,3.75
744,343.0,0.923469387755102,684.176,3.725
745,305.0,0.9036885245901639,598.493,3.805
746,341.5,0.9315519765739385,685.689,3.716
747,350.0,0.8674999999999999,675.575,3.903
748,335.5,0.9273472429210134,632.408,3.75
749,334.25,0.918661181750187,665.614,3.75
750,297.75,0.9697732997481109,584.416,3.75
751,341.5,0.914714494875549,675.767,3.85
752,347.5,0.9097122302158274,683.749,3.83
753,344.0,0.9178779069767442,686.419,3.875
754,303.25,0.9626957955482275,583.526,3.725
755,330.5,0.890695915279879,673.174,3.7
756,330.75,0.9125094482237339,641.758,3.9
757,337.25,0.8804670126019274,656.676,3.875
758,349.5,0.919170243204578,704.827,3.825
759,333.0,0.9065315315315315,685.747,3.75
760,317.0,0.8608044164037855,624.709,3.8
761,317.75,0.8920141620771046,648.733,3.7
762,326.0,0.8646472392638037,648.207,3.875
763,306.25,0.8810204081632653,646.613,3.8
764,335.75,0.904132539091586,686.121,3.675
765,319.75,0.8747068021892104,613.683,3.875
766,338.25,0.9004065040650406,674.659,3.815
767,328.75,0.8859315589353612,683.876,3.725
768,346.5,0.9303751803751804,694.217,3.875
769,327.5,0.9099236641221374,635.299,3.854
770,320.75,0.8961418550272798,649.346,3.8
771,336.25,0.9065055762081784,681.99,3.8
772,333.75,0.9308988764044944,657.137,3.797
773,349.0,0.9068767908309455,711.77,3.8
774,335.5,0.8509687034277198,638.363,3.9
775,320.25,0.9279859484777517,647.831,3.675
776,333.5,0.947151424287856,687.567,3.65
777,337.0,0.9083827893175074,677.063,3.675
778,333.5,0.9197901049475262,643.174,3.75
779,327.5,0.8736641221374046,648.374,3.8
780,329.75,0.8929112964366944,655.845,3.8
781,353.25,0.8929582448690729,706.876,3.85
782,342.5,0.9321167883211678,676.188,3.775
783,336.0,0.8813244047619048,667.898,3.75
784,323.75,0.8810810810810811,612.083,3.875
785,328.25,0.8832825590251333,645.801,3.71
786,333.25,0.8925356339084771,669.446,3.75
787,302.0,0.9014900662251656,603.37,3.793
788,323.0,0.918343653250774,632.305,3.825
789,332.25,0.8508276899924756,667.157,3.75
790,337.5,0.9225925925925926,708.225,3.775
791,327.0,0.9331039755351682,654.041,3.775
792,348.75,0.9399641577060932,688.828,3.8
793,370.5,0.9460188933873145,730.847,3.904
794,347.25,0.9314254859611231,699.097,3.8
795,361.5,0.9066390041493776,724.493,3.85
796,345.5,0.8762662807525325,671.252,3.875
797,345.0,0.8855072463768116,662.753,3.825
798,325.25,0.9206379707916987,657.681,3.725
799,348.5,0.9218077474892397,698.006,3.775
800,313.0,0.9161341853035143,608.152,3.85
801,340.5,0.8906020558002937,658.102,3.875
802,339.5,0.8902798232695139,691.204,3.85
803,339.5,0.8980117820324006,664.834,3.925
804,328.5,0.9189497716894978,660.871,3.8
805,332.5,0.8962406015037594,643.053,3.725
806,348.25,0.9138549892318737,710.624,3.875
807,321.5,0.8783048211508554,637.559,3.875
808,349.5,0.932761087267525,694.064,3.802
809,353.75,0.9203180212014135,692.176,3.829
810,304.0,0.9083059210526316,597.536,3.824
811,297.75,0.9095298068849706,595.885,3.865
812,343.5,0.9177583697234353,703.551,3.775
813,326.0,0.8811349693251533,648.342,3.7
814,344.75,0.8837926033357506,716.272,3.925
815,343.0,0.9081632653061225,687.781,3.825
816,343.5,0.9006550218340611,688.529,3.875
817,367.5,0.9217687074829932,755.132,3.9
818,357.75,0.933088749126485,715.098,3.75
819,341.5,0.8960468521229868,679.657,3.8
820,342.5,0.9151459854014599,677.128,3.8
821,310.75,0.9483105390185036,612.952,3.775
822,351.25,0.8873665480427047,700.709,3.75
823,333.75,0.9294007490636704,652.174,3.698
824,355.0,0.8991197183098592,688.229,3.767
825,332.0,0.9190512048192772,656.194,3.85
826,342.5,0.9624087591240876,684.484,3.809
827,313.75,0.9193227091633466,636.132,3.85
828,320.0,0.9357421875,633.613,3.8
829,310.25,0.9486301369863014,578.998,3.775
830,354.25,0.9258997882851094,689.51,3.825
831,313.0,0.9021565495207667,640.041,3.725
832,337.0,0.9291543026706232,677.547,3.775
833,332.5,0.91203007518797,664.206,3.873
834,322.75,0.9227343144848954,669.918,3.8
835,311.75,0.9133921411387329,604.543,3.775
836,347.0,0.8942723342939481,684.838,3.775
837,330.75,0.9159108087679516,665.099,3.8
838,354.5,0.903737658674189,702.588,3.825
839,317.75,0.9179779701022817,664.322,3.725
840,345.75,0.9304049168474331,681.871,3.875
841,332.75,0.9081517655897822,686.164,3.725
842,355.75,0.929901616303584,718.325,3.752
843,354.25,0.9377205363443896,716.573,3.725
844,296.25,0.9014767932489451,593.222,3.675
845,342.5,0.9288321167883211,680.238,3.8
846,330.5,0.9387291981845688,660.771,3.8
847,342.25,0.9121621621621622,689.43,3.69
848,325.5,0.9107142857142857,633.017,3.719
849,338.75,0.8658671586715867,668.542,3.8
850,354.75,0.9082100070472163,722.764,3.9
851,291.25,0.9697424892703863,536.827,3.675
852,342.5,0.9175182481751825,700.018,3.775
853,337.0,0.8957715133531157,653.937,3.885
854,361.25,0.9036332179930796,757.414,3.775
855,334.0,0.8899700598802395,666.664,3.827
856,322.25,0.9160201706749418,624.015,3.825
857,330.5,0.9062027231467473,672.334,3.725
858,335.25,0.9039895600298284,663.422,3.75
859,313.5,0.8771929824561404,627.616,3.775
860,342.75,0.900255288110868,678.606,3.85
861,326.5,0.9019908116385911,646.652,3.725
862,361.0,0.9023545706371191,718.908,3.875
863,332.25,0.9287057938299473,692.051,3.725
864,342.25,0.9231190650109569,698.179,3.8
865,338.5,0.9431314623338257,673.338,3.725
866,349.25,0.9291338582677166,696.321,3.65
867,305.5,0.9189852700490998,613.179,3.675
868,336.5,0.9283060921248143,673.676,3.672
869,318.75,0.8692156862745097,621.645,3.925
870,329.25,0.9162870159453302,660.629,3.875
871,320.75,0.9458300857365549,624.661,3.85
872,331.5,0.8717948717948718,663.528,3.825
873,336.75,0.9248329621380846,651.233,3.847
874,361.0,0.9058171745152355,736.994,3.923
875,324.0,0.9529320987654321,645.969,3.7
876,322.25,0.8725756400310318,652.819,3.75
877,295.75,0.9334319526627219,557.143,3.75
878,340.5,0.8766519823788547,702.979,3.843
879,327.25,0.8894194041252865,634.294,3.85
880,308.25,0.9422141119221411,587.081,3.775
881,317.0,0.9290220820189274,622.226,3.875
882,313.75,0.9249003984063745,659.363,3.744
883,337.0,0.896513353115727,687.614,3.875
884,346.25,0.9200361010830325,698.174,3.775
885,317.75,0.9427616050354052,660.298,3.65
886,321.0,0.9116043613707165,624.188,3.725
887,336.5,0.9611812778603269,673.367,3.758
888,319.5,0.9491392801251957,654.641,3.705
889,339.0,0.9314159292035398,682.936,3.75
890,343.75,0.9652727272727273,699.374,3.795
891,318.5,0.8771585557299844,637.755,3.9
892,337.0,0.911906528189911,665.262,3.75
893,339.75,0.9137233259749816,687.509,3.825
894,347.25,0.9127069834413247,699.173,3.625
895,361.75,0.9172425708362129,736.182,3.767
896,341.25,0.9276556776556777,667.048,3.925
897,341.25,0.9137362637362637,646.61,3.825
898,305.5,0.8938216039279869,609.812,3.775
899,345.0,0.9355072463768116,718.573,3.83
900,338.5,0.8929098966026587,673.336,3.882
901,312.0,0.889823717948718,619.503,3.75
902,325.5,0.8894009216589862,653.024,3.925
903,352.0,0.9298650568181819,704.413,3.75
904,317.5,0.8952755905511811,644.281,3.75
905,314.75,0.9410246227164416,607.036,3.731
906,318.25,0.937745483110762,612.24,3.875
907,332.0,0.9280873493975903,684.751,3.845
908,352.75,0.9034372785258682,680.809,3.755
909,316.75,0.9106156274664562,618.525,3.65
910,345.75,0.8928054953000724,680.575,3.8
911,337.5,0.8927777777777778,673.885,3.912
912,307.25,0.9648087876322213,613.905,3.8
913,321.75,0.9506604506604507,618.541,3.8
914,349.5,0.9170243204577968,693.585,3.825
915,350.75,0.9103706343549537,710.189,3.875
916,333.25,0.910165041260315,678.364,3.85
917,338.75,0.916420664206642,667.169,3.75
918,337.25,0.8908450704225352,651.894,3.775
919,347.0,0.9176873198847262,718.947,3.782
920,326.75,0.9160290742157613,687.946,3.775
921,300.25,0.9373438800999168,610.852,3.825
922,340.0,0.9033088235294118,675.882,3.85
923,358.0,0.9050279329608939,724.337,3.8
924,351.5,0.9196301564722618,723.579,3.725
925,343.5,0.9137554585152838,691.499,3.756
926,339.5,0.9193667157584683,668.111,3.725
927,342.0,0.9097222222222222,686.417,3.8
928,350.0,0.9380357142857143,694.664,3.75
929,328.25,0.8867098248286367,681.959,3.725
930,339.0,0.9457964601769911,683.466,3.762
931,348.25,0.9212132089016511,686.47,3.825
932,336.5,0.9026745913818722,691.515,3.675
933,307.75,0.9524776604386678,586.782,3.8
934,333.25,0.9124156039009752,663.853,3.875
935,367.0,0.9540190735694822,751.715,3.875
936,350.5,0.865549215406562,697.754,3.925
937,335.0,0.9328358208955224,678.792,3.775
938,333.5,0.8853073463268366,655.414,3.775
939,345.5,0.9290882778581766,680.98,3.825
940,328.25,0.9236481340441737,669.761,3.7
941,320.25,0.9642857142857143,619.647,3.775
942,313.25,0.9586991221069433,625.942,3.725
943,356.5,0.9484572230014026,717.467,3.8
944,339.75,0.8990066225165563,655.766,3.689
945,334.75,0.8838685586258401,666.01,3.85
946,307.0,0.9356677524429967,592.373,3.825
947,343.75,0.9114545454545454,702.91,3.867
948,330.25,0.9313020439061317,663.625,3.75
949,352.0,0.9055397727272727,716.899,3.825
950,328.5,0.895738203957382,666.351,3.75
951,315.5,0.8787638668779715,642.753,3.595
952,370.25,0.8944969615124916,733.487,3.75
953,331.75,0.957611152976639,651.026,3.768
954,326.25,0.8754789272030652,657.622,3.859
955,334.25,0.8906133133881825,679.956,3.775
956,323.75,0.9100386100386101,678.995,3.625
957,329.75,0.8868460955269143,623.182,3.85
958,330.0,0.8982954545454546,687.918,3.8
959,345.5,0.9182344428364689,703.989,3.775
960,346.0,0.9064306358381503,680.863,3.875
961,350.25,0.9236259814418273,681.464,3.8
962,357.5,0.926923076923077,709.911,3.899
963,334.0,0.9202844311377245,663.586,3.725
964,329.75,0.895185746777862,650.306,3.75
965,323.0,0.9094427244582043,644.969,3.85
966,313.5,0.9505582137161085,636.565,3.768
967,347.0,0.944164265129683,694.469,3.825
968,340.0,0.9128676470588235,664.249,3.775
969,338.5,0.9745199409158051,677.544,3.807
970,319.5,0.8286384976525821,615.99,3.825
971,346.75,0.9259192501802451,700.707,3.725
972,340.0,0.944485294117647,669.385,3.832
973,327.75,0.894927536231884,662.121,3.9
974,357.0,0.9325980392156863,713.986,3.841
975,351.0,0.9362535612535613,678.37,3.75
976,333.0,0.9290540540540541,665.206,3.75
977,354.75,0.8768498942917548,717.616,3.85
978,327.5,0.9101145038167939,649.559,3.775
979,329.25,0.8802201974183751,638.594,3.775
980,315.0,0.9099206349206349,647.48,3.775
981,338.5,0.8918020679468243,683.282,3.7
982,331.5,0.9391025641025641,696.079,3.675
983,329.25,0.9356492027334852,642.663,3.725
984,343.25,0.9062272396212673,681.521,3.9
985,338.0,0.9064349112426036,683.36,3.8
986,382.25,0.906965336821452,767.02,3.725
987,358.75,0.9329268292682926,750.151,3.825
988,346.5,0.9047619047619048,656.15,3.85
989,335.25,0.912938105891126,651.525,3.825
990,334.75,0.9591112770724421,676.002,3.771
991,339.0,0.9303097345132744,658.582,3.725
992,335.5,0.9344262295081968,653.606,3.7
993,326.75,0.9152639632746749,649.283,3.7
994,309.0,0.9522653721682848,622.613,3.725
995,351.0,0.9152421652421653,703.038,3.775
996,348.5,0.9311334289813487,683.491,3.775
997,359.75,0.911917998610146,711.725,3.899
998,332.75,0.912847483095417,660.519,3.792
999,327.25,0.9207410236822001,692.328,3.7
1000,330.5,0.9024205748865356,683.572,3.7
1001,331.0,0.9308912386706949,629.824,3.8
1002,322.25,0.8830488750969744,664.981,3.775
1003,347.5,0.910431654676259,690.239,3.707
1004,342.5,0.9521897810218978,666.895,3.751
1005,323.0,0.9587848297213623,662.903,3.525
1006,340.5,0.9555800293685757,697.826,3.725
1007,349.5,0.9338340486409156,683.928,3.772
1008,343.5,0.8999272197962154,674.497,3.8
1009,354.0,0.9134887005649718,721.568,3.8
1010,353.25,0.9400212314225053,737.479,3.766
1011,360.5,0.9330790568654647,718.472,3.8
1012,315.0,0.9103174603174603,602.271,3.8
1013,339.75,0.8923841059602649,698.665,3.725
1014,334.25,0.8885564697083022,659.048,3.675
1015,344.25,0.9181190994916485,703.888,3.825
1016,335.0,0.8854477611940299,670.058,3.8
1017,345.5,0.9413892908827786,715.526,3.8
1018,336.0,0.9129464285714286,677.028,3.75
1019,324.25,0.9321511179645335,617.298,3.822
1020,312.25,0.960968775020016,678.584,3.775
1021,350.0,0.9303571428571429,698.366,3.827
1022,345.75,0.9260665220535069,703.448,3.845
1023,339.75,0.9229212656364975,711.665,3.775
1024,325.0,0.8953846153846154,645.292,3.75
1025,354.0,0.9392655367231638,701.992,3.825
1026,340.75,0.9451577402787967,687.023,3.8
1027,352.25,0.9103974449964514,715.322,3.8
1028,314.25,0.950079554494829,646.347,3.629
1029,335.25,0.8969052945563013,694.059,3.75
1030,329.75,0.9018195602729341,667.191,3.775
1031,337.75,0.9602146558105107,706.61,3.696
1032,326.25,0.9005747126436782,636.216,3.825
1033,327.25,0.9283804430863254,674.332,3.775
1034,315.75,0.8929136975455265,683.605,3.725
1035,326.5,0.889739663093415,676.806,3.8
1036,340.25,0.9458119030124909,688.853,3.725
1037,342.75,0.8987964989059081,668.469,3.875
1038,326.25,0.8544061302681992,676.268,3.825
1039,358.5,0.9365411436541143,724.597,3.875
1040,331.0,0.9188066465256798,655.195,3.7
1041,327.5,0.9076335877862596,672.78,3.725
1042,353.0,0.9479461756373938,719.775,3.8
1043,346.5,0.9310966810966811,685.507,3.975
1044,335.75,0.9383842144452718,676.641,3.85
1045,349.5,0.9510014306151645,711.989,3.815
1046,353.5,0.9207920792079208,714.677,3.8
1047,355.25,0.9607670654468684,725.083,3.675
1048,319.0,0.8655956112852665,640.911,3.773
1049,314.25,0.9099045346062052,632.443,3.75
1050,327.0,0.9292813455657493,611.965,3.65
1051,358.75,0.9367595818815331,687.572,3.756
1052,354.5,0.9055007052186178,718.168,3.825
1053,329.75,0.9478771796815769,684.407,3.8
1054,349.75,0.9515725518227305,719.181,3.825
1055,331.0,0.9516616314199395,682.771,3.675
1056,335.0,0.8837686567164179,688.67,3.775
1057,329.75,0.9601971190295678,661.65,3.775
1058,340.25,0.9564658339456282,690.766,3.6
1059,329.0,0.9183130699088146,666.221,3.725
1060,324.5,0.9464560862865947,639.796,3.825
1061,344.75,0.9124365482233503,725.713,3.775
1062,351.0,0.9733499525166192,691.188,3.8
1063,320.5,0.8865054602184087,660.44,3.838
1064,324.5,0.9516563944530047,671.183,3.741
1065,326.75,0.927123182861515,644.562,3.875
1066,359.5,0.9269819193324061,727.551,3.7
1067,329.5,0.9007966616084977,687.451,3.625
1068,338.75,0.9437269372693727,684.323,3.675
1069,342.25,0.9194667640613586,703.039,3.75
1070,344.75,0.9055474981870921,674.601,3.875
1071,349.25,0.8849319971367215,713.801,3.9
1072,363.75,0.8950171821305842,726.012,3.825
1073,347.0,0.9528097982708934,691.53,3.736
1074,348.5,0.918400286944046,691.028,3.775
1075,318.0,0.9642295597484277,618.82,3.8
1076,323.0,0.9280185758513932,632.692,3.775
1077,323.75,0.9106177606177606,631.859,3.825
1078,319.0,0.929858934169279,643.85,3.8
1079,345.0,0.9173913043478261,724.692,3.75
1080,281.75,0.8981810115350488,612.701,3.875
1081,322.75,0.9661115414407436,614.174,3.675
1082,321.75,0.9197746697746698,652.991,3.7
1083,347.75,0.8984543493889289,702.847,3.9
1084,329.25,0.9197038724373576,663.124,3.7
1085,336.5,0.9260772659732541,689.999,3.675
1086,345.25,0.9342867487328024,693.594,3.75
1087,329.25,0.9728549734244495,643.813,3.65
1088,318.75,0.9652941176470589,648.834,3.675
1089,297.75,0.8910579345088161,594.746,3.775
1090,347.75,0.9315240833932423,715.343,3.775
1091,335.5,0.9053651266766021,681.211,3.7
1092,356.0,0.9216994382022472,674.6,3.9
1093,300.25,0.9714820982514571,650.762,3.8
1094,323.5,0.9586553323029366,633.466,3.792
1095,352.25,0.9213981547196594,723.651,3.775
1096,352.0,0.9318181818181819,683.108,3.775
1097,312.25,0.8660928742994396,630.538,3.772
1098,321.5,0.9109642301710731,650.625,3.8
1099,314.75,0.9251389992057188,613.93,3.8
1100,331.25,0.9326415094339623,647.246,3.775
1101,317.0,0.9231072555205048,621.675,3.775
1102,327.0,0.9489678899082569,624.924,3.673
1103,332.5,0.9932330827067669,681.893,3.794
1104,342.0,0.9192251461988304,684.444,3.725
1105,327.0,0.9537461773700305,665.32,3.757
1106,334.25,0.9216529543754675,656.763,3.825
1107,339.75,0.9328550404709345,671.067,3.85
1108,317.5,0.9779527559055118,669.775,3.725
1109,343.5,0.9344978165938864,689.096,3.75
1110,328.0,0.9032012195121951,643.137,3.775
1111,338.75,0.9252767527675276,669.217,3.8
1112,351.25,0.9446619217081851,704.221,3.692
1113,312.75,0.8886890487609912,629.915,3.85
1114,351.75,0.9561122956645345,736.321,3.675
1115,352.25,0.9118168914123492,690.383,3.83
1116,331.25,0.9371698113207547,685.259,3.825
1117,302.0,0.9184602649006622,612.1,3.725
1118,327.75,0.9139969488939741,646.243,3.85
1119,356.0,0.9304775280898876,732.445,3.775
1120,329.5,0.9320940819423369,649.455,3.85
1121,332.0,0.9597138554216867,644.99,3.775
1122,322.0,0.9351708074534162,663.863,3.875
1123,342.75,0.9341721371261853,657.543,3.8
1124,329.5,0.9430955993930197,664.52,3.875
1125,343.75,0.9289090909090909,699.35,3.725
1126,363.75,0.9716494845360825,723.195,3.75
1127,365.25,0.9330937713894593,758.882,3.875
1128,331.0,0.9218277945619335,721.404,3.675
1129,324.0,0.9745370370370371,629.712,3.7
1130,349.5,0.949928469241774,703.313,3.75
1131,330.5,0.9398638426626323,685.446,3.8
1132,335.0,0.9414179104477612,658.453,3.85
1133,315.25,0.9185170499603489,635.174,3.772
1134,321.75,0.9642579642579643,664.614,3.769
1135,339.5,0.8987481590574374,678.987,3.85
1136,339.75,0.9339587932303164,704.718,3.65
1137,314.5,0.9125596184419714,666.178,3.85
1138,325.0,0.9746153846153847,626.872,3.825
1139,348.0,0.9227729885057472,693.419,3.88
1140,302.5,0.9105371900826447,594.061,3.75
1141,338.0,0.9748520710059172,642.104,3.825
1142,335.25,0.8734153616703952,665.349,3.863
1143,344.5,0.8853410740203194,689.703,3.825
1144,338.75,0.9374538745387454,649.639,3.788
1145,347.75,0.9725017972681524,683.41,3.886
1146,327.5,0.9362595419847328,667.785,3.725
1147,322.0,0.9002329192546584,667.431,3.8
1148,341.75,0.9376371616678859,682.358,3.85
1149,336.0,0.9129464285714286,724.186,3.65
1150,348.25,0.882089016511127,722.685,3.8
1151,368.25,0.920061099796334,755.41,3.829
1152,317.0,0.9029968454258676,625.426,3.75
1153,346.0,0.9145592485549133,707.734,3.775
1154,341.75,0.9584857351865399,721.347,3.725
1155,349.0,0.9244269340974212,698.538,3.825
1156,341.25,0.926923076923077,721.568,3.8
1157,324.0,0.9440586419753086,633.309,3.705
1158,349.25,0.898353614889048,687.052,3.775
1159,304.0,0.9226973684210527,615.483,3.6
1160,332.75,0.8938767843726522,654.471,3.891
1161,334.75,0.9441747572815534,677.466,3.9
1162,339.0,0.8956489675516224,663.659,3.782
1163,360.75,0.88998613998614,716.432,3.775
1164,350.75,0.9388809693513899,730.499,3.75
1165,347.0,0.9153458213256485,698.959,3.8
1166,366.75,0.9105316973415133,742.218,3.836
1167,336.75,0.9459910913140311,695.752,3.725
1168,364.75,0.9436257710760795,724.934,3.7
1169,324.0,0.9166666666666666,678.146,3.775
1170,340.25,0.9145848640705364,684.702,3.8
1171,341.75,0.945683979517191,674.297,3.725
1172,325.5,0.9137864823348695,680.103,3.895
1173,358.5,0.9414225941422594,742.046,3.725
1174,339.75,0.9151949963208241,650.592,3.8
1175,379.25,0.9457811470006592,757.089,3.875
1176,324.0,0.9646990740740741,632.752,3.8
1177,346.0,0.9309971098265896,652.481,3.817
1178,314.0,0.9864649681528662,624.942,3.75
1179,336.75,0.9148106904231625,680.796,3.785
1180,348.25,0.947056712132089,710.06,3.8
1181,341.5,0.9202049780380673,701.094,3.762
1182,314.75,0.9704130262112788,622.22,3.675
1183,316.5,0.8799368088467614,626.742,3.725
1184,309.0,0.9207119741100324,643.857,3.675
1185,329.5,0.9355083459787557,673.001,3.8
1186,336.25,0.9685873605947956,651.541,3.85
1187,350.5,0.9432952924393723,720.274,3.825
1188,314.5,0.9451510333863276,604.634,3.725
1189,338.0,0.9474852071005917,674.691,3.725
1190,345.5,0.9334298118668596,693.676,3.825
1191,331.0,0.9210725075528701,688.992,3.8
1192,325.5,0.9374039938556068,646.637,3.75
1193,372.5,0.9580536912751678,736.801,3.825
1194,351.25,0.9297153024911032,683.12,3.825
1195,333.25,0.9202925731432858,680.806,3.7
1196,309.0,0.9239482200647249,617.768,3.75
1197,343.0,0.9551749271137027,667.197,3.725
1198,321.75,0.9322066822066822,645.102,3.85
1199,353.0,0.9341359773371105,683.336,3.764
1200,331.75,0.9056141672946496,633.185,3.745
1201,308.0,0.9500811688311688,601.615,3.725
1202,328.25,0.9266945925361767,651.085,3.775
1203,356.5,0.8884992987377279,708.811,3.775
1204,345.0,0.9307971014492754,665.282,3.75
1205,347.5,0.9415467625899281,702.603,3.825
1206,351.25,0.9062277580071174,713.617,3.828
1207,336.75,0.9088715664439495,660.352,3.8
1208,334.75,0.8941374159820762,669.751,3.9
1209,343.0,0.9278425655976676,653.149,3.837
1210,341.0,0.9461143695014663,670.125,3.649
1211,303.0,0.9653465346534653,615.566,3.8
1212,337.75,0.9235751295336787,686.133,3.875
1213,314.25,0.927406523468576,618.077,3.875
1214,325.5,0.9379800307219662,628.801,3.733
1215,330.25,0.9331945495836488,674.218,3.9
1216,320.75,0.8984801247077163,658.809,3.775
1217,349.25,0.8901216893342878,696.338,3.875
1218,310.0,0.9463709677419355,608.47,3.9
1219,335.0,0.9645522388059702,691.888,3.775
1220,301.75,0.8531483015741508,651.321,3.825
1221,313.0,0.902555910543131,623.695,3.82
1222,345.0,0.9068840579710145,692.139,3.925
1223,339.0,0.9308628318584071,676.463,3.675
1224,339.75,0.9207137601177336,707.04,3.775
1225,319.5,0.9217527386541471,625.274,3.875
1226,354.0,0.9240819209039548,691.31,3.825
1227,315.75,0.9206254948535233,647.108,3.875
1228,337.5,0.932962962962963,679.424,3.85
1229,343.5,0.8853711790393013,717.806,3.75
1230,355.0,0.9411971830985916,729.926,3.784
1231,331.25,0.9428301886792453,657.829,3.85
1232,365.75,0.9591592617908408,722.759,3.775
1233,328.75,0.9074144486692015,648.151,3.775
1234,333.0,0.9395645645645646,652.52,3.875
1235,339.5,0.9322533136966127,686.818,3.875
1236,336.25,0.9169144981412639,649.322,3.85
1237,314.0,0.9227707006369427,609.256,3.7
1238,346.75,0.9161860129776496,688.982,3.8
1239,339.0,0.9174041297935103,673.035,3.8
1240,302.0,0.9259105960264901,617.652,3.775
1241,303.25,0.9443528441879637,626.342,3.71
1242,320.5,0.9584633385335414,659.627,3.675
1243,340.0,0.8941176470588236,680.664,3.752
1244,343.0,0.9016034985422741,691.922,3.825
1245,313.0,0.9388977635782747,621.553,3.885
1246,335.25,0.9185309470544369,646.899,3.8
1247,315.0,0.9686507936507937,599.212,3.775
1248,308.25,0.9515409570154095,644.614,3.875
1249,330.0,0.8863636363636364,669.766,3.8
1250,311.5,0.9402086677367576,616.517,3.786
1251,332.0,0.9284638554216867,641.305,3.787
1252,339.25,0.8782240235814296,653.104,3.8
1253,337.5,0.932962962962963,686.812,3.75
1254,334.25,0.9117427075542259,643.504,3.825
1255,328.75,0.9036121673003802,653.556,3.8
1256,352.25,0.9391412349183819,691.46,3.825
1257,316.25,0.9262845849802371,585.543,3.8
1258,335.25,0.8642803877703207,671.66,3.85
1259,326.25,0.9304597701149425,649.085,3.85
1260,329.5,0.9719271623672231,662.973,3.777
1261,314.25,0.9099045346062052,618.894,3.875
1262,310.25,0.8700644641418211,620.056,3.9
1263,345.0,0.9282608695652174,694.763,3.725
1264,313.25,0.910415003990423,590.099,3.825
1265,348.75,0.9446236559139785,682.029,3.725
1266,339.0,0.9424778761061947,678.098,3.708
1267,313.25,0.9686751795690343,630.976,3.725
1268,348.5,0.9167862266857962,677.467,3.85
1269,296.0,0.9548141891891891,596.437,3.725
1270,349.25,0.9833571939871153,724.208,3.625
1271,331.0,0.9425981873111783,674.452,3.795
1272,347.5,0.9237410071942446,690.884,3.778
1273,332.75,0.8942524417731029,645.344,3.847
1274,346.75,0.9432227829848594,654.297,3.85
1275,314.5,0.9391891891891891,596.739,3.7
1276,337.25,0.9623795404002965,656.37,3.825
1277,342.5,0.9364963503649635,681.017,3.7
1278,339.75,0.9624724061810155,657.082,3.775
1279,289.0,0.97469723183391,559.788,3.825
1280,323.25,0.9464423820572312,658.303,3.55
1281,350.5,0.9434736091298146,717.83,3.716
1282,324.75,0.9797921478060047,654.302,3.625
1283,348.75,0.9252688172043011,691.045,3.775
1284,323.75,0.9449806949806949,652.478,3.8
1285,347.25,0.9267458603311736,689.968,3.775
1286,325.75,0.9395625479662317,657.281,3.759
1287,348.5,0.9088952654232425,695.428,3.8
1288,349.5,0.9180972818311874,705.516,3.85
1289,328.0,0.9386432926829268,633.819,3.702
1290,357.25,0.9305458362491252,733.649,3.85
1291,346.5,0.9253246753246753,696.314,3.9
1292,372.0,0.9428763440860215,768.901,3.825
1293,351.25,0.9083629893238434,706.173,3.75
1294,342.25,0.9278670562454346,705.474,3.9
1295,340.25,0.9432402645113886,704.8,3.745
1296,343.0,0.9387755102040817,693.115,3.735
1297,351.75,0.9404761904761905,706.102,3.8
1298,326.5,0.9238131699846861,661.047,3.7
1299,314.75,0.9513502779984114,648.451,3.825
1300,352.5,0.9039007092198581,718.338,3.75
1301,356.0,0.8904494382022472,704.984,3.8
1302,341.5,0.8821376281112738,693.278,3.8
1303,344.25,0.9235657225853304,718.851,3.825
1304,339.0,0.9572271386430679,701.302,3.767
1305,343.5,0.979985443959243,688.454,3.875
1306,357.25,0.9085024492652204,708.372,3.816
1307,335.25,0.9315809097688292,642.517,3.778
1308,322.25,0.9625678820791311,638.378,3.8
1309,329.75,0.9395375284306293,671.605,3.775
1310,364.75,0.9203221384509939,708.885,3.825
1311,323.25,0.9367749419953596,649.943,3.85
1312,329.25,0.9639331814730447,629.776,3.825
1313,336.0,0.9668898809523809,675.145,3.825
1314,337.75,0.9141376757957069,683.106,3.825
1315,364.0,0.9381868131868132,725.412,3.875
1316,327.75,0.9307780320366132,653.232,3.725
1317,363.5,0.8923658872077029,725.759,3.825
1318,349.5,0.9506437768240343,723.079,3.9
1319,341.75,0.9102048280907096,663.953,3.85
1320,285.5,0.9225043782837128,573.784,3.875
1321,360.25,0.916204024982651,697.297,3.925
1322,352.25,0.9561745919091554,674.139,3.85
1323,318.25,0.9456009426551453,661.702,3.775
1324,339.25,0.9150700073691967,700.898,3.821
1325,350.5,0.9186875891583453,674.997,3.8
1326,319.25,0.942247454972592,626.9,3.85
1327,357.5,0.926923076923077,725.565,3.925
1328,343.25,0.9153313911143481,712.383,3.776
1329,355.0,0.9651408450704225,712.006,3.925
1330,326.75,0.8877199693955624,636.159,3.9
1331,311.25,0.9371485943775101,613.027,3.85
1332,340.25,0.9329537105069802,690.579,3.825
1333,336.25,0.9276951672862453,668.397,3.75
1334,341.25,0.9122710622710622,663.102,3.875
1335,344.25,0.9224763979665941,672.178,3.793
1336,338.0,0.9182692307692307,675.512,3.85
1337,349.0,0.9265759312320917,691.639,3.85
1338,354.0,0.9336158192090396,700.988,3.825
1339,322.25,0.9404577191621412,667.279,3.825
1340,337.5,0.927037037037037,666.849,3.7
1341,314.25,0.9512728719172633,603.961,3.875
1342,370.0,0.933445945945946,735.744,3.793
1343,341.75,0.9226408193123629,690.687,3.775
1344,326.5,0.9375957120980092,655.376,3.825
1345,340.5,0.8931718061674009,662.939,3.775
1346,328.75,0.9503802281368822,665.413,3.75
1347,360.0,0.9104166666666667,724.14,3.913
1348,355.0,0.9436619718309859,743.843,3.775
1349,342.25,0.9402848794740687,679.369,3.725
1350,346.25,0.9142599277978339,693.996,3.825
1351,337.25,0.9499629355077835,656.588,3.9
1352,353.75,0.9475265017667844,731.626,3.8
1353,356.75,0.9476173791170287,715.353,3.775
1354,336.0,0.9073660714285714,654.907,3.85
1355,318.0,0.9775943396226415,606.6,3.75
1356,319.5,0.9080594679186229,611.798,3.841
1357,350.5,0.9151212553495007,721.937,3.825
1358,328.0,0.9645579268292683,642.586,3.775
1359,357.0,0.9446778711484594,735.243,3.85
1360,363.0,0.9552341597796143,723.781,3.95
1361,345.25,0.9596307023895728,698.792,3.825
1362,346.25,0.9564981949458484,701.608,3.75
1363,349.75,0.9440671908506075,657.266,3.775
1364,375.0,0.9206666666666666,728.349,3.884
1365,369.0,0.9288617886178862,720.776,3.85
1366,385.5,0.9105058365758755,775.451,3.875
1367,332.5,0.924812030075188,669.369,3.8
1368,349.5,0.9227467811158798,702.218,3.875
1369,337.75,0.9402294596595114,654.347,3.925
1370,336.25,0.924907063197026,676.691,3.8
1371,330.5,0.9527231467473525,655.918,3.784
1372,362.0,0.9357734806629834,717.658,3.825
1373,336.0,0.9780505952380952,660.923,3.75
1374,336.25,0.9633828996282527,639.462,3.825
1375,308.0,0.9567775974025974,616.837,3.875
1376,329.5,0.9131259484066768,640.176,3.85
1377,334.25,0.918287210172027,671.426,3.875
1378,347.75,0.9279295470884256,687.532,3.925
1379,309.75,0.9630750605326877,618.606,3.85
1380,346.5,0.9693362193362194,731.174,3.725
1381,302.0,0.8646523178807947,625.477,3.778
1382,366.75,0.9367757327880027,752.918,3.825
1383,348.25,0.9425699928212491,720.519,3.85
1384,367.5,0.9085034013605442,751.251,3.825
1385,323.75,0.9276061776061776,625.86,3.8
1386,272.5,0.9646788990825688,589.447,3.775
1387,311.75,0.9528869286287089,594.002,3.85
1388,305.5,0.9684942716857611,592.998,3.8
1389,314.75,0.9509531374106434,647.818,3.752
1390,365.25,0.9471252566735113,729.898,3.8
1391,360.25,0.9210617626648161,712.262,3.925
1392,351.25,0.9186832740213523,706.201,3.9
1393,347.5,0.9640287769784173,703.723,3.8
1394,350.75,0.9313970064148254,670.911,3.8
1395,318.5,0.9611459968602826,650.785,3.865
1396,331.75,0.9235116804822909,668.948,3.85
1397,367.0,0.9356267029972752,746.421,3.8
1398,349.5,0.9642346208869814,678.334,3.775
1399,311.25,0.9688755020080322,624.363,3.8
1400,323.5,0.9312210200927357,666.104,3.75
1401,344.0,0.9444040697674418,673.207,3.75
1402,352.5,0.9588652482269504,736.061,3.9
1403,349.75,0.9097569692637598,685.021,3.875
1404,349.25,0.9586614173228346,678.535,3.775
1405,350.75,0.9346044191019245,701.662,3.775
1406,341.75,0.8882589612289685,680.994,3.888
1407,349.75,0.9167262330235882,708.354,3.75
1408,346.25,0.9290613718411552,704.18,3.875
1409,335.0,0.9406716417910448,703.806,3.675
1410,369.0,0.9159891598915989,773.945,3.875
1411,310.0,0.939516129032258,623.035,3.65
1412,342.75,0.9319839533187454,676.925,3.725
1413,358.0,0.9214385474860335,703.445,3.775
1414,311.5,0.8996789727126806,605.959,3.85
1415,313.75,0.9886454183266933,586.455,3.75
1416,357.5,0.9328671328671329,718.999,3.75
1417,338.25,0.9247967479674797,646.543,3.725
1418,374.5,0.9629506008010681,743.703,3.75
1419,350.75,0.9566999287241625,671.754,3.718
1420,355.5,0.9563994374120957,702.146,3.9
1421,315.75,0.9261678543151227,670.059,3.6
1422,302.75,0.9056564822460776,593.075,3.9
1423,339.0,0.9516961651917404,661.931,3.85
1424,360.0,0.9517361111111111,716.738,3.8
1425,337.25,0.9368050407709414,673.412,3.85
1426,346.5,0.9613997113997114,715.154,3.725
1427,341.25,0.9584249084249085,663.886,3.725
1428,333.0,0.9369369369369369,686.061,3.8
1429,360.25,0.9266134628730048,734.85,3.825
1430,335.5,0.9098360655737705,666.493,3.775
1431,336.5,0.8809435364041605,662.917,3.775
1432,302.25,0.9646401985111662,621.215,3.75
1433,340.75,0.9451577402787967,673.71,3.865
1434,337.25,0.9256856931060045,670.217,3.875
1435,317.0,0.8608044164037855,626.431,3.875
1436,358.75,0.9409407665505226,721.656,3.85
1437,331.25,0.9667924528301887,660.828,3.825
1438,292.5,0.938034188034188,577.635,3.725
1439,350.25,0.9568165596002856,697.383,3.7
1440,327.0,0.9676987767584098,670.498,3.833
1441,374.75,0.9397931954636425,759.24,3.75
1442,360.0,0.9475694444444445,707.189,3.812
1443,325.25,0.8868178324365872,617.992,3.85
1444,353.25,0.9276362349610757,687.216,3.875
1445,325.75,0.9157712970069072,644.607,3.725
1446,329.5,0.954855842185129,667.532,3.65
1447,343.0,0.934402332361516,681.59,3.775
1448,340.75,0.9499266324284666,676.635,3.8
1449,319.75,0.9532838154808444,634.405,3.675
1450,325.5,0.9308755760368663,609.626,3.8
1451,353.75,0.8931095406360424,686.896,3.875
1452,341.0,0.9358504398826979,682.217,3.875
1453,336.0,0.9095982142857143,670.924,3.825
1454,375.0,0.9363333333333334,764.569,3.825
1455,315.0,0.9408730158730159,600.835,3.8
1456,382.25,0.948005232177894,746.872,3.875
1457,357.0,0.9471288515406162,716.843,3.825
1458,318.75,0.9072549019607843,645.706,3.775
1459,328.75,0.9306083650190115,649.736,3.75
1460,329.25,0.9715261958997722,641.957,3.775
1461,315.5,0.9782091917591125,635.172,3.85
1462,359.0,0.942200557103064,703.548,3.875
1463,336.0,0.9177827380952381,659.851,3.85
1464,331.75,0.9233232856066315,654.952,3.8
1465,337.25,0.9516308376575241,649.552,3.9
1466,351.75,0.9116915422885572,683.042,3.75
1467,306.0,0.9336192810457516,586.405,3.677
1468,321.25,0.9188715953307393,622.911,3.825
1469,354.75,0.9416842847075405,730.925,3.8
1470,323.25,0.9290409899458624,638.708,3.775
1471,328.25,0.8825209444021325,650.598,3.875
1472,352.25,0.9423349893541518,718.33,3.85
1473,328.25,0.9655369383092155,676.019,3.8
1474,317.0,0.8761829652996845,660.999,3.85
1475,322.5,0.8728682170542635,629.797,3.825
1476,328.0,0.9317835365853658,644.886,3.75
1477,343.75,0.9712727272727273,647.855,3.875
1478,346.5,0.9155844155844156,671.164,3.692
1479,342.25,0.924945215485756,675.853,3.85
1480,304.0,0.9523026315789473,590.588,3.716
1481,352.25,0.931334279630944,704.852,3.8
1482,334.25,0.9274495138369484,676.906,3.6
1483,319.25,0.962868702688593,577.048,3.875
1484,313.5,0.9449760765550239,612.054,3.875
1485,351.0,0.9287749287749287,715.114,3.732
1486,349.0,0.913323782234957,679.386,3.825
1487,338.75,0.9265682656826568,664.414,3.85
1488,311.75,0.9101844426623897,614.492,3.6
1489,346.75,0.9114996395097332,690.469,3.825
1490,368.25,0.9451799049558723,748.273,3.85
1491,350.25,0.9495003568879372,719.521,3.875
1492,329.25,0.9121108580106302,674.331,3.9
1493,357.0,0.9285714285714286,735.739,3.839
1494,346.25,0.9687725631768953,650.344,3.825
1495,363.5,0.9160935350756534,735.869,3.825
1496,345.5,0.9345151953690304,675.913,3.85
1497,315.25,0.9411181601903251,594.523,3.775
1498,327.0,0.9736238532110092,641.403,3.85
1499,312.25,0.8859087269815853,588.239,3.85
1500,355.0,0.944718309859155,678.467,3.825
